<?xml version="1.0" encoding="UTF-8"?>
<sbml xmlns="http://www.sbml.org/sbml/level2/version4" xmlns:celldesigner="http://www.sbml.org/2001/ns/celldesigner" level="2" version="4">
<model metaid="untitled" id="untitled">
<annotation>
<celldesigner:extension>
<celldesigner:modelVersion>4.0</celldesigner:modelVersion>
<celldesigner:modelDisplay sizeX="600" sizeY="1200"/>
<celldesigner:listOfIncludedSpecies>
<celldesigner:species id="s10" name="sa1629">
<celldesigner:notes>
<html xmlns="http://www.w3.org/1999/xhtml">
<head>
<title/>
</head>
<body/>
</html>
</celldesigner:notes>
<celldesigner:annotation>
<celldesigner:complexSpecies>s14</celldesigner:complexSpecies>
<celldesigner:speciesIdentity>
<celldesigner:class>PROTEIN</celldesigner:class>
<celldesigner:proteinReference>pr3</celldesigner:proteinReference>
</celldesigner:speciesIdentity>
</celldesigner:annotation>
</celldesigner:species>
<celldesigner:species id="s11" name="sa1630">
<celldesigner:notes>
<html xmlns="http://www.w3.org/1999/xhtml">
<head>
<title/>
</head>
<body/>
</html>
</celldesigner:notes>
<celldesigner:annotation>
<celldesigner:complexSpecies>s15</celldesigner:complexSpecies>
<celldesigner:speciesIdentity>
<celldesigner:class>PROTEIN</celldesigner:class>
<celldesigner:proteinReference>pr4</celldesigner:proteinReference>
</celldesigner:speciesIdentity>
</celldesigner:annotation>
</celldesigner:species>
<celldesigner:species id="s18" name="sa1814">
<celldesigner:notes>
<html xmlns="http://www.w3.org/1999/xhtml">
<head>
<title/>
</head>
<body/>
</html>
</celldesigner:notes>
<celldesigner:annotation>
<celldesigner:complexSpecies>s16</celldesigner:complexSpecies>
<celldesigner:speciesIdentity>
<celldesigner:class>PROTEIN</celldesigner:class>
<celldesigner:proteinReference>pr5</celldesigner:proteinReference>
</celldesigner:speciesIdentity>
</celldesigner:annotation>
</celldesigner:species>
<celldesigner:species id="s21" name="sa1815">
<celldesigner:notes>
<html xmlns="http://www.w3.org/1999/xhtml">
<head>
<title/>
</head>
<body/>
</html>
</celldesigner:notes>
<celldesigner:annotation>
<celldesigner:complexSpecies>s19</celldesigner:complexSpecies>
<celldesigner:speciesIdentity>
<celldesigner:class>PROTEIN</celldesigner:class>
<celldesigner:proteinReference>pr6</celldesigner:proteinReference>
</celldesigner:speciesIdentity>
</celldesigner:annotation>
</celldesigner:species>
<celldesigner:species id="s24" name="sa1816">
<celldesigner:notes>
<html xmlns="http://www.w3.org/1999/xhtml">
<head>
<title/>
</head>
<body/>
</html>
</celldesigner:notes>
<celldesigner:annotation>
<celldesigner:complexSpecies>s22</celldesigner:complexSpecies>
<celldesigner:speciesIdentity>
<celldesigner:class>PROTEIN</celldesigner:class>
<celldesigner:proteinReference>pr7</celldesigner:proteinReference>
</celldesigner:speciesIdentity>
</celldesigner:annotation>
</celldesigner:species>
<celldesigner:species id="s27" name="sa1817">
<celldesigner:notes>
<html xmlns="http://www.w3.org/1999/xhtml">
<head>
<title/>
</head>
<body/>
</html>
</celldesigner:notes>
<celldesigner:annotation>
<celldesigner:complexSpecies>s25</celldesigner:complexSpecies>
<celldesigner:speciesIdentity>
<celldesigner:class>PROTEIN</celldesigner:class>
<celldesigner:proteinReference>pr8</celldesigner:proteinReference>
</celldesigner:speciesIdentity>
</celldesigner:annotation>
</celldesigner:species>
<celldesigner:species id="s30" name="sa930">
<celldesigner:notes>
<html xmlns="http://www.w3.org/1999/xhtml">
<head>
<title/>
</head>
<body/>
</html>
</celldesigner:notes>
<celldesigner:annotation>
<celldesigner:complexSpecies>s29</celldesigner:complexSpecies>
<celldesigner:speciesIdentity>
<celldesigner:class>PROTEIN</celldesigner:class>
<celldesigner:proteinReference>pr9</celldesigner:proteinReference>
</celldesigner:speciesIdentity>
</celldesigner:annotation>
</celldesigner:species>
</celldesigner:listOfIncludedSpecies>
<celldesigner:listOfCompartmentAliases/>
<celldesigner:listOfComplexSpeciesAliases>
<celldesigner:complexSpeciesAlias id="csa5" species="s15">
<celldesigner:activity>inactive</celldesigner:activity>
<celldesigner:bounds x="115.0" y="170.0" w="100.0" h="120.0"/>
<celldesigner:font size="12"/>
<celldesigner:view state="usual"/>
<celldesigner:backupSize w="0.0" h="0.0"/>
<celldesigner:backupView state="none"/>
<celldesigner:usualView>
<celldesigner:innerPosition x="0.0" y="0.0"/>
<celldesigner:boxSize width="100.0" height="120.0"/>
<celldesigner:singleLine width="2.0"/>
<celldesigner:paint color="fff7f7f7" scheme="Color"/>
</celldesigner:usualView>
<celldesigner:briefView>
<celldesigner:innerPosition x="0.0" y="0.0"/>
<celldesigner:boxSize width="80.0" height="60.0"/>
<celldesigner:singleLine width="2.0"/>
<celldesigner:paint color="fff7f7f7" scheme="Color"/>
</celldesigner:briefView>
<celldesigner:info state="empty" angle="-1.5707963267948966"/>
</celldesigner:complexSpeciesAlias>
<celldesigner:complexSpeciesAlias id="csa4" species="s6">
<celldesigner:activity>inactive</celldesigner:activity>
<celldesigner:bounds x="375.0" y="30.0" w="100.0" h="120.0"/>
<celldesigner:font size="12"/>
<celldesigner:view state="usual"/>
<celldesigner:backupSize w="0.0" h="0.0"/>
<celldesigner:backupView state="none"/>
<celldesigner:usualView>
<celldesigner:innerPosition x="0.0" y="0.0"/>
<celldesigner:boxSize width="100.0" height="120.0"/>
<celldesigner:singleLine width="2.0"/>
<celldesigner:paint color="fff7f7f7" scheme="Color"/>
</celldesigner:usualView>
<celldesigner:briefView>
<celldesigner:innerPosition x="0.0" y="0.0"/>
<celldesigner:boxSize width="80.0" height="60.0"/>
<celldesigner:singleLine width="2.0"/>
<celldesigner:paint color="fff7f7f7" scheme="Color"/>
</celldesigner:briefView>
<celldesigner:info state="empty" angle="-1.5707963267948966"/>
</celldesigner:complexSpeciesAlias>
<celldesigner:complexSpeciesAlias id="csa3" species="s2">
<celldesigner:activity>inactive</celldesigner:activity>
<celldesigner:bounds x="375.0" y="170.0" w="100.0" h="120.0"/>
<celldesigner:font size="12"/>
<celldesigner:view state="usual"/>
<celldesigner:backupSize w="0.0" h="0.0"/>
<celldesigner:backupView state="none"/>
<celldesigner:usualView>
<celldesigner:innerPosition x="0.0" y="0.0"/>
<celldesigner:boxSize width="100.0" height="120.0"/>
<celldesigner:singleLine width="2.0"/>
<celldesigner:paint color="fff7f7f7" scheme="Color"/>
</celldesigner:usualView>
<celldesigner:briefView>
<celldesigner:innerPosition x="0.0" y="0.0"/>
<celldesigner:boxSize width="80.0" height="60.0"/>
<celldesigner:singleLine width="2.0"/>
<celldesigner:paint color="fff7f7f7" scheme="Color"/>
</celldesigner:briefView>
<celldesigner:info state="empty" angle="-1.5707963267948966"/>
</celldesigner:complexSpeciesAlias>
<celldesigner:complexSpeciesAlias id="csa1" species="s14">
<celldesigner:activity>inactive</celldesigner:activity>
<celldesigner:bounds x="115.0" y="30.0" w="100.0" h="120.0"/>
<celldesigner:font size="12"/>
<celldesigner:view state="usual"/>
<celldesigner:backupSize w="0.0" h="0.0"/>
<celldesigner:backupView state="none"/>
<celldesigner:usualView>
<celldesigner:innerPosition x="0.0" y="0.0"/>
<celldesigner:boxSize width="100.0" height="120.0"/>
<celldesigner:singleLine width="2.0"/>
<celldesigner:paint color="fff7f7f7" scheme="Color"/>
</celldesigner:usualView>
<celldesigner:briefView>
<celldesigner:innerPosition x="0.0" y="0.0"/>
<celldesigner:boxSize width="80.0" height="60.0"/>
<celldesigner:singleLine width="2.0"/>
<celldesigner:paint color="fff7f7f7" scheme="Color"/>
</celldesigner:briefView>
<celldesigner:info state="empty" angle="-1.5707963267948966"/>
</celldesigner:complexSpeciesAlias>
<celldesigner:complexSpeciesAlias id="csa6" species="s16">
<celldesigner:activity>inactive</celldesigner:activity>
<celldesigner:bounds x="115.0" y="315.0" w="100.0" h="120.0"/>
<celldesigner:font size="12"/>
<celldesigner:view state="usual"/>
<celldesigner:backupSize w="0.0" h="0.0"/>
<celldesigner:backupView state="none"/>
<celldesigner:usualView>
<celldesigner:innerPosition x="0.0" y="0.0"/>
<celldesigner:boxSize width="100.0" height="120.0"/>
<celldesigner:singleLine width="2.0"/>
<celldesigner:paint color="fff7f7f7" scheme="Color"/>
</celldesigner:usualView>
<celldesigner:briefView>
<celldesigner:innerPosition x="0.0" y="0.0"/>
<celldesigner:boxSize width="80.0" height="60.0"/>
<celldesigner:singleLine width="2.0"/>
<celldesigner:paint color="fff7f7f7" scheme="Color"/>
</celldesigner:briefView>
<celldesigner:info state="empty" angle="-1.5707963267948966"/>
</celldesigner:complexSpeciesAlias>
<celldesigner:complexSpeciesAlias id="csa7" species="s17">
<celldesigner:activity>inactive</celldesigner:activity>
<celldesigner:bounds x="380.0" y="315.0" w="100.0" h="120.0"/>
<celldesigner:font size="12"/>
<celldesigner:view state="usual"/>
<celldesigner:backupSize w="0.0" h="0.0"/>
<celldesigner:backupView state="none"/>
<celldesigner:usualView>
<celldesigner:innerPosition x="0.0" y="0.0"/>
<celldesigner:boxSize width="100.0" height="120.0"/>
<celldesigner:singleLine width="2.0"/>
<celldesigner:paint color="fff7f7f7" scheme="Color"/>
</celldesigner:usualView>
<celldesigner:briefView>
<celldesigner:innerPosition x="0.0" y="0.0"/>
<celldesigner:boxSize width="80.0" height="60.0"/>
<celldesigner:singleLine width="2.0"/>
<celldesigner:paint color="fff7f7f7" scheme="Color"/>
</celldesigner:briefView>
<celldesigner:info state="empty" angle="-1.5707963267948966"/>
</celldesigner:complexSpeciesAlias>
<celldesigner:complexSpeciesAlias id="csa8" species="s19">
<celldesigner:activity>inactive</celldesigner:activity>
<celldesigner:bounds x="115.0" y="465.0" w="100.0" h="120.0"/>
<celldesigner:font size="12"/>
<celldesigner:view state="usual"/>
<celldesigner:backupSize w="0.0" h="0.0"/>
<celldesigner:backupView state="none"/>
<celldesigner:usualView>
<celldesigner:innerPosition x="0.0" y="0.0"/>
<celldesigner:boxSize width="100.0" height="120.0"/>
<celldesigner:singleLine width="2.0"/>
<celldesigner:paint color="fff7f7f7" scheme="Color"/>
</celldesigner:usualView>
<celldesigner:briefView>
<celldesigner:innerPosition x="0.0" y="0.0"/>
<celldesigner:boxSize width="80.0" height="60.0"/>
<celldesigner:singleLine width="2.0"/>
<celldesigner:paint color="fff7f7f7" scheme="Color"/>
</celldesigner:briefView>
<celldesigner:info state="empty" angle="-1.5707963267948966"/>
</celldesigner:complexSpeciesAlias>
<celldesigner:complexSpeciesAlias id="csa9" species="s20">
<celldesigner:activity>inactive</celldesigner:activity>
<celldesigner:bounds x="380.0" y="465.0" w="100.0" h="120.0"/>
<celldesigner:font size="12"/>
<celldesigner:view state="usual"/>
<celldesigner:backupSize w="0.0" h="0.0"/>
<celldesigner:backupView state="none"/>
<celldesigner:usualView>
<celldesigner:innerPosition x="0.0" y="0.0"/>
<celldesigner:boxSize width="100.0" height="120.0"/>
<celldesigner:singleLine width="2.0"/>
<celldesigner:paint color="fff7f7f7" scheme="Color"/>
</celldesigner:usualView>
<celldesigner:briefView>
<celldesigner:innerPosition x="0.0" y="0.0"/>
<celldesigner:boxSize width="80.0" height="60.0"/>
<celldesigner:singleLine width="2.0"/>
<celldesigner:paint color="fff7f7f7" scheme="Color"/>
</celldesigner:briefView>
<celldesigner:info state="empty" angle="-1.5707963267948966"/>
</celldesigner:complexSpeciesAlias>
<celldesigner:complexSpeciesAlias id="csa10" species="s22">
<celldesigner:activity>inactive</celldesigner:activity>
<celldesigner:bounds x="115.0" y="605.0" w="100.0" h="120.0"/>
<celldesigner:font size="12"/>
<celldesigner:view state="usual"/>
<celldesigner:backupSize w="0.0" h="0.0"/>
<celldesigner:backupView state="none"/>
<celldesigner:usualView>
<celldesigner:innerPosition x="0.0" y="0.0"/>
<celldesigner:boxSize width="100.0" height="120.0"/>
<celldesigner:singleLine width="2.0"/>
<celldesigner:paint color="fff7f7f7" scheme="Color"/>
</celldesigner:usualView>
<celldesigner:briefView>
<celldesigner:innerPosition x="0.0" y="0.0"/>
<celldesigner:boxSize width="80.0" height="60.0"/>
<celldesigner:singleLine width="2.0"/>
<celldesigner:paint color="fff7f7f7" scheme="Color"/>
</celldesigner:briefView>
<celldesigner:info state="empty" angle="-1.5707963267948966"/>
</celldesigner:complexSpeciesAlias>
<celldesigner:complexSpeciesAlias id="csa11" species="s23">
<celldesigner:activity>inactive</celldesigner:activity>
<celldesigner:bounds x="380.0" y="600.0" w="100.0" h="120.0"/>
<celldesigner:font size="12"/>
<celldesigner:view state="usual"/>
<celldesigner:backupSize w="0.0" h="0.0"/>
<celldesigner:backupView state="none"/>
<celldesigner:usualView>
<celldesigner:innerPosition x="0.0" y="0.0"/>
<celldesigner:boxSize width="100.0" height="120.0"/>
<celldesigner:singleLine width="2.0"/>
<celldesigner:paint color="fff7f7f7" scheme="Color"/>
</celldesigner:usualView>
<celldesigner:briefView>
<celldesigner:innerPosition x="0.0" y="0.0"/>
<celldesigner:boxSize width="80.0" height="60.0"/>
<celldesigner:singleLine width="2.0"/>
<celldesigner:paint color="fff7f7f7" scheme="Color"/>
</celldesigner:briefView>
<celldesigner:info state="empty" angle="-1.5707963267948966"/>
</celldesigner:complexSpeciesAlias>
<celldesigner:complexSpeciesAlias id="csa12" species="s25">
<celldesigner:activity>inactive</celldesigner:activity>
<celldesigner:bounds x="115.0" y="750.0" w="100.0" h="120.0"/>
<celldesigner:font size="12"/>
<celldesigner:view state="usual"/>
<celldesigner:backupSize w="0.0" h="0.0"/>
<celldesigner:backupView state="none"/>
<celldesigner:usualView>
<celldesigner:innerPosition x="0.0" y="0.0"/>
<celldesigner:boxSize width="100.0" height="120.0"/>
<celldesigner:singleLine width="2.0"/>
<celldesigner:paint color="fff7f7f7" scheme="Color"/>
</celldesigner:usualView>
<celldesigner:briefView>
<celldesigner:innerPosition x="0.0" y="0.0"/>
<celldesigner:boxSize width="80.0" height="60.0"/>
<celldesigner:singleLine width="2.0"/>
<celldesigner:paint color="fff7f7f7" scheme="Color"/>
</celldesigner:briefView>
<celldesigner:info state="empty" angle="-1.5707963267948966"/>
</celldesigner:complexSpeciesAlias>
<celldesigner:complexSpeciesAlias id="csa13" species="s26">
<celldesigner:activity>inactive</celldesigner:activity>
<celldesigner:bounds x="380.0" y="745.0" w="100.0" h="120.0"/>
<celldesigner:font size="12"/>
<celldesigner:view state="usual"/>
<celldesigner:backupSize w="0.0" h="0.0"/>
<celldesigner:backupView state="none"/>
<celldesigner:usualView>
<celldesigner:innerPosition x="0.0" y="0.0"/>
<celldesigner:boxSize width="100.0" height="120.0"/>
<celldesigner:singleLine width="2.0"/>
<celldesigner:paint color="fff7f7f7" scheme="Color"/>
</celldesigner:usualView>
<celldesigner:briefView>
<celldesigner:innerPosition x="0.0" y="0.0"/>
<celldesigner:boxSize width="80.0" height="60.0"/>
<celldesigner:singleLine width="2.0"/>
<celldesigner:paint color="fff7f7f7" scheme="Color"/>
</celldesigner:briefView>
<celldesigner:info state="empty" angle="-1.5707963267948966"/>
</celldesigner:complexSpeciesAlias>
<celldesigner:complexSpeciesAlias id="csa14" species="s28">
<celldesigner:activity>inactive</celldesigner:activity>
<celldesigner:bounds x="380.0" y="890.0" w="100.0" h="120.0"/>
<celldesigner:font size="12"/>
<celldesigner:view state="usual"/>
<celldesigner:backupSize w="0.0" h="0.0"/>
<celldesigner:backupView state="none"/>
<celldesigner:usualView>
<celldesigner:innerPosition x="0.0" y="0.0"/>
<celldesigner:boxSize width="100.0" height="120.0"/>
<celldesigner:singleLine width="2.0"/>
<celldesigner:paint color="fff7f7f7" scheme="Color"/>
</celldesigner:usualView>
<celldesigner:briefView>
<celldesigner:innerPosition x="0.0" y="0.0"/>
<celldesigner:boxSize width="80.0" height="60.0"/>
<celldesigner:singleLine width="2.0"/>
<celldesigner:paint color="fff7f7f7" scheme="Color"/>
</celldesigner:briefView>
<celldesigner:info state="empty" angle="-1.5707963267948966"/>
</celldesigner:complexSpeciesAlias>
<celldesigner:complexSpeciesAlias id="csa15" species="s29">
<celldesigner:activity>inactive</celldesigner:activity>
<celldesigner:bounds x="120.0" y="900.0" w="100.0" h="120.0"/>
<celldesigner:font size="12"/>
<celldesigner:view state="usual"/>
<celldesigner:backupSize w="0.0" h="0.0"/>
<celldesigner:backupView state="none"/>
<celldesigner:usualView>
<celldesigner:innerPosition x="0.0" y="0.0"/>
<celldesigner:boxSize width="100.0" height="120.0"/>
<celldesigner:singleLine width="2.0"/>
<celldesigner:paint color="fff7f7f7" scheme="Color"/>
</celldesigner:usualView>
<celldesigner:briefView>
<celldesigner:innerPosition x="0.0" y="0.0"/>
<celldesigner:boxSize width="80.0" height="60.0"/>
<celldesigner:singleLine width="2.0"/>
<celldesigner:paint color="fff7f7f7" scheme="Color"/>
</celldesigner:briefView>
<celldesigner:info state="empty" angle="-1.5707963267948966"/>
</celldesigner:complexSpeciesAlias>
</celldesigner:listOfComplexSpeciesAliases>
<celldesigner:listOfSpeciesAliases>
<celldesigner:speciesAlias id="sa4" species="s10" complexSpeciesAlias="csa1">
<celldesigner:activity>inactive</celldesigner:activity>
<celldesigner:bounds x="125.0" y="70.0" w="80.0" h="40.0"/>
<celldesigner:font size="12"/>
<celldesigner:view state="usual"/>
<celldesigner:usualView>
<celldesigner:innerPosition x="10.0" y="40.0"/>
<celldesigner:boxSize width="80.0" height="40.0"/>
<celldesigner:singleLine width="1.0"/>
<celldesigner:paint color="ffccffcc" scheme="Color"/>
</celldesigner:usualView>
<celldesigner:briefView>
<celldesigner:innerPosition x="0.0" y="0.0"/>
<celldesigner:boxSize width="80.0" height="60.0"/>
<celldesigner:singleLine width="1.0"/>
<celldesigner:paint color="3fff0000" scheme="Color"/>
</celldesigner:briefView>
<celldesigner:info state="empty" angle="-1.5707963267948966"/>
</celldesigner:speciesAlias>
<celldesigner:speciesAlias id="sa5" species="s11" complexSpeciesAlias="csa5">
<celldesigner:activity>inactive</celldesigner:activity>
<celldesigner:bounds x="125.0" y="210.0" w="80.0" h="40.0"/>
<celldesigner:font size="12"/>
<celldesigner:view state="usual"/>
<celldesigner:usualView>
<celldesigner:innerPosition x="10.0" y="40.0"/>
<celldesigner:boxSize width="80.0" height="40.0"/>
<celldesigner:singleLine width="1.0"/>
<celldesigner:paint color="ffccffcc" scheme="Color"/>
</celldesigner:usualView>
<celldesigner:briefView>
<celldesigner:innerPosition x="0.0" y="0.0"/>
<celldesigner:boxSize width="80.0" height="60.0"/>
<celldesigner:singleLine width="1.0"/>
<celldesigner:paint color="3fff0000" scheme="Color"/>
</celldesigner:briefView>
<celldesigner:info state="empty" angle="-1.5707963267948966"/>
</celldesigner:speciesAlias>
<celldesigner:speciesAlias id="sa6" species="s18" complexSpeciesAlias="csa6">
<celldesigner:activity>inactive</celldesigner:activity>
<celldesigner:bounds x="125.0" y="355.0" w="80.0" h="40.0"/>
<celldesigner:font size="12"/>
<celldesigner:view state="usual"/>
<celldesigner:usualView>
<celldesigner:innerPosition x="10.0" y="40.0"/>
<celldesigner:boxSize width="80.0" height="40.0"/>
<celldesigner:singleLine width="1.0"/>
<celldesigner:paint color="ffccffcc" scheme="Color"/>
</celldesigner:usualView>
<celldesigner:briefView>
<celldesigner:innerPosition x="0.0" y="0.0"/>
<celldesigner:boxSize width="80.0" height="60.0"/>
<celldesigner:singleLine width="1.0"/>
<celldesigner:paint color="3fff0000" scheme="Color"/>
</celldesigner:briefView>
<celldesigner:info state="empty" angle="-1.5707963267948966"/>
</celldesigner:speciesAlias>
<celldesigner:speciesAlias id="sa7" species="s21" complexSpeciesAlias="csa8">
<celldesigner:activity>inactive</celldesigner:activity>
<celldesigner:bounds x="125.0" y="505.0" w="80.0" h="40.0"/>
<celldesigner:font size="12"/>
<celldesigner:view state="usual"/>
<celldesigner:usualView>
<celldesigner:innerPosition x="10.0" y="40.0"/>
<celldesigner:boxSize width="80.0" height="40.0"/>
<celldesigner:singleLine width="1.0"/>
<celldesigner:paint color="ffccffcc" scheme="Color"/>
</celldesigner:usualView>
<celldesigner:briefView>
<celldesigner:innerPosition x="0.0" y="0.0"/>
<celldesigner:boxSize width="80.0" height="60.0"/>
<celldesigner:singleLine width="1.0"/>
<celldesigner:paint color="3fff0000" scheme="Color"/>
</celldesigner:briefView>
<celldesigner:info state="empty" angle="-1.5707963267948966"/>
</celldesigner:speciesAlias>
<celldesigner:speciesAlias id="sa8" species="s24" complexSpeciesAlias="csa10">
<celldesigner:activity>inactive</celldesigner:activity>
<celldesigner:bounds x="125.0" y="640.0" w="80.0" h="40.0"/>
<celldesigner:font size="12"/>
<celldesigner:view state="usual"/>
<celldesigner:usualView>
<celldesigner:innerPosition x="10.0" y="35.0"/>
<celldesigner:boxSize width="80.0" height="40.0"/>
<celldesigner:singleLine width="1.0"/>
<celldesigner:paint color="ffccffcc" scheme="Color"/>
</celldesigner:usualView>
<celldesigner:briefView>
<celldesigner:innerPosition x="0.0" y="0.0"/>
<celldesigner:boxSize width="80.0" height="60.0"/>
<celldesigner:singleLine width="1.0"/>
<celldesigner:paint color="3fff0000" scheme="Color"/>
</celldesigner:briefView>
<celldesigner:info state="empty" angle="-1.5707963267948966"/>
</celldesigner:speciesAlias>
<celldesigner:speciesAlias id="sa9" species="s27" complexSpeciesAlias="csa12">
<celldesigner:activity>inactive</celldesigner:activity>
<celldesigner:bounds x="125.0" y="785.0" w="80.0" h="40.0"/>
<celldesigner:font size="12"/>
<celldesigner:view state="usual"/>
<celldesigner:usualView>
<celldesigner:innerPosition x="10.0" y="35.0"/>
<celldesigner:boxSize width="80.0" height="40.0"/>
<celldesigner:singleLine width="1.0"/>
<celldesigner:paint color="ffccffcc" scheme="Color"/>
</celldesigner:usualView>
<celldesigner:briefView>
<celldesigner:innerPosition x="0.0" y="0.0"/>
<celldesigner:boxSize width="80.0" height="60.0"/>
<celldesigner:singleLine width="1.0"/>
<celldesigner:paint color="3fff0000" scheme="Color"/>
</celldesigner:briefView>
<celldesigner:info state="empty" angle="-1.5707963267948966"/>
</celldesigner:speciesAlias>
<celldesigner:speciesAlias id="sa11" species="s30" complexSpeciesAlias="csa15">
<celldesigner:activity>inactive</celldesigner:activity>
<celldesigner:bounds x="130.0" y="930.0" w="80.0" h="40.0"/>
<celldesigner:font size="12"/>
<celldesigner:view state="usual"/>
<celldesigner:usualView>
<celldesigner:innerPosition x="10.0" y="30.0"/>
<celldesigner:boxSize width="80.0" height="40.0"/>
<celldesigner:singleLine width="1.0"/>
<celldesigner:paint color="ffccffcc" scheme="Color"/>
</celldesigner:usualView>
<celldesigner:briefView>
<celldesigner:innerPosition x="0.0" y="0.0"/>
<celldesigner:boxSize width="80.0" height="60.0"/>
<celldesigner:singleLine width="1.0"/>
<celldesigner:paint color="3fff0000" scheme="Color"/>
</celldesigner:briefView>
<celldesigner:info state="empty" angle="-1.5707963267948966"/>
</celldesigner:speciesAlias>
</celldesigner:listOfSpeciesAliases>
<celldesigner:listOfGroups/>
<celldesigner:listOfProteins>
<celldesigner:protein id="pr3" name="sa1629" type="GENERIC"/>
<celldesigner:protein id="pr4" name="sa1630" type="GENERIC"/>
<celldesigner:protein id="pr5" name="sa1814" type="GENERIC"/>
<celldesigner:protein id="pr6" name="sa1815" type="GENERIC"/>
<celldesigner:protein id="pr7" name="sa1816" type="GENERIC"/>
<celldesigner:protein id="pr8" name="sa1817" type="GENERIC"/>
<celldesigner:protein id="pr9" name="sa930" type="GENERIC"/>
</celldesigner:listOfProteins>
<celldesigner:listOfGenes/>
<celldesigner:listOfRNAs/>
<celldesigner:listOfAntisenseRNAs/>
<celldesigner:listOfLayers/>
<celldesigner:listOfBlockDiagrams/>
</celldesigner:extension>
</annotation>
<listOfUnitDefinitions>
<unitDefinition metaid="substance" id="substance" name="substance">
<listOfUnits>
<unit metaid="CDMT00011" kind="mole"/>
</listOfUnits>
</unitDefinition>
<unitDefinition metaid="volume" id="volume" name="volume">
<listOfUnits>
<unit metaid="CDMT00012" kind="litre"/>
</listOfUnits>
</unitDefinition>
<unitDefinition metaid="area" id="area" name="area">
<listOfUnits>
<unit metaid="CDMT00013" kind="metre" exponent="2"/>
</listOfUnits>
</unitDefinition>
<unitDefinition metaid="length" id="length" name="length">
<listOfUnits>
<unit metaid="CDMT00018" kind="metre"/>
</listOfUnits>
</unitDefinition>
<unitDefinition metaid="time" id="time" name="time">
<listOfUnits>
<unit metaid="CDMT00019" kind="second"/>
</listOfUnits>
</unitDefinition>
</listOfUnitDefinitions>
<listOfCompartments>
<compartment metaid="default" id="default" size="1" units="volume"/>
</listOfCompartments>
<listOfSpecies>
<species metaid="s2" id="s2" name="Glucagon_signaling" compartment="default" initialAmount="0">
<annotation>
<celldesigner:extension>
<celldesigner:positionToCompartment>inside</celldesigner:positionToCompartment>
<celldesigner:speciesIdentity>
<celldesigner:class>COMPLEX</celldesigner:class>
<celldesigner:name>Glucagon_signaling</celldesigner:name>
</celldesigner:speciesIdentity>
</celldesigner:extension>
</annotation>
</species>
<species metaid="s6" id="s6" name="Insulin_signaling" compartment="default" initialAmount="0">
<annotation>
<celldesigner:extension>
<celldesigner:positionToCompartment>inside</celldesigner:positionToCompartment>
<celldesigner:speciesIdentity>
<celldesigner:class>COMPLEX</celldesigner:class>
<celldesigner:name>Insulin_signaling</celldesigner:name>
</celldesigner:speciesIdentity>
</celldesigner:extension>
</annotation>
</species>
<species metaid="s14" id="s14" name="Lipid_Metabolism_PM" compartment="default" initialAmount="0">
<annotation>
<celldesigner:extension>
<celldesigner:positionToCompartment>inside</celldesigner:positionToCompartment>
<celldesigner:speciesIdentity>
<celldesigner:class>COMPLEX</celldesigner:class>
<celldesigner:name>Lipid_Metabolism_PM</celldesigner:name>
</celldesigner:speciesIdentity>
</celldesigner:extension>
</annotation>
</species>
<species metaid="s15" id="s15" name="Lipid_Metabolism_PM" compartment="default" initialAmount="0">
<annotation>
<celldesigner:extension>
<celldesigner:positionToCompartment>inside</celldesigner:positionToCompartment>
<celldesigner:speciesIdentity>
<celldesigner:class>COMPLEX</celldesigner:class>
<celldesigner:name>Lipid_Metabolism_PM</celldesigner:name>
</celldesigner:speciesIdentity>
</celldesigner:extension>
</annotation>
</species>
<species metaid="s16" id="s16" name="Lipid_Metabolism_PM" compartment="default" initialAmount="0">
<annotation>
<celldesigner:extension>
<celldesigner:positionToCompartment>inside</celldesigner:positionToCompartment>
<celldesigner:speciesIdentity>
<celldesigner:class>COMPLEX</celldesigner:class>
<celldesigner:name>Lipid_Metabolism_PM</celldesigner:name>
</celldesigner:speciesIdentity>
</celldesigner:extension>
</annotation>
</species>
<species metaid="s17" id="s17" name="FA_and_lipoproteins_transport" compartment="default" initialAmount="0">
<annotation>
<celldesigner:extension>
<celldesigner:positionToCompartment>inside</celldesigner:positionToCompartment>
<celldesigner:speciesIdentity>
<celldesigner:class>COMPLEX</celldesigner:class>
<celldesigner:name>FA_and_lipoproteins_transport</celldesigner:name>
</celldesigner:speciesIdentity>
</celldesigner:extension>
</annotation>
</species>
<species metaid="s19" id="s19" name="Lipid_Metabolism_PM" compartment="default" initialAmount="0">
<annotation>
<celldesigner:extension>
<celldesigner:positionToCompartment>inside</celldesigner:positionToCompartment>
<celldesigner:speciesIdentity>
<celldesigner:class>COMPLEX</celldesigner:class>
<celldesigner:name>Lipid_Metabolism_PM</celldesigner:name>
</celldesigner:speciesIdentity>
</celldesigner:extension>
</annotation>
</species>
<species metaid="s20" id="s20" name="Cholesterol_biosynthesis" compartment="default" initialAmount="0">
<annotation>
<celldesigner:extension>
<celldesigner:positionToCompartment>inside</celldesigner:positionToCompartment>
<celldesigner:speciesIdentity>
<celldesigner:class>COMPLEX</celldesigner:class>
<celldesigner:name>Cholesterol_biosynthesis</celldesigner:name>
</celldesigner:speciesIdentity>
</celldesigner:extension>
</annotation>
</species>
<species metaid="s22" id="s22" name="Lipid_Metabolism_PM" compartment="default" initialAmount="0">
<annotation>
<celldesigner:extension>
<celldesigner:positionToCompartment>inside</celldesigner:positionToCompartment>
<celldesigner:speciesIdentity>
<celldesigner:class>COMPLEX</celldesigner:class>
<celldesigner:name>Lipid_Metabolism_PM</celldesigner:name>
</celldesigner:speciesIdentity>
</celldesigner:extension>
</annotation>
</species>
<species metaid="s23" id="s23" name="Glucose_metabolism" compartment="default" initialAmount="0">
<annotation>
<celldesigner:extension>
<celldesigner:positionToCompartment>inside</celldesigner:positionToCompartment>
<celldesigner:speciesIdentity>
<celldesigner:class>COMPLEX</celldesigner:class>
<celldesigner:name>Glucose_metabolism</celldesigner:name>
</celldesigner:speciesIdentity>
</celldesigner:extension>
</annotation>
</species>
<species metaid="s25" id="s25" name="Lipid_Metabolism_PM" compartment="default" initialAmount="0">
<annotation>
<celldesigner:extension>
<celldesigner:positionToCompartment>inside</celldesigner:positionToCompartment>
<celldesigner:speciesIdentity>
<celldesigner:class>COMPLEX</celldesigner:class>
<celldesigner:name>Lipid_Metabolism_PM</celldesigner:name>
</celldesigner:speciesIdentity>
</celldesigner:extension>
</annotation>
</species>
<species metaid="s26" id="s26" name="Mitochondrial_metabolism" compartment="default" initialAmount="0">
<annotation>
<celldesigner:extension>
<celldesigner:positionToCompartment>inside</celldesigner:positionToCompartment>
<celldesigner:speciesIdentity>
<celldesigner:class>COMPLEX</celldesigner:class>
<celldesigner:name>Mitochondrial_metabolism</celldesigner:name>
</celldesigner:speciesIdentity>
</celldesigner:extension>
</annotation>
</species>
<species metaid="s29" id="s29" name="Lipid_Metabolism_PM" compartment="default" initialAmount="0">
<annotation>
<celldesigner:extension>
<celldesigner:positionToCompartment>inside</celldesigner:positionToCompartment>
<celldesigner:speciesIdentity>
<celldesigner:class>COMPLEX</celldesigner:class>
<celldesigner:name>Lipid_Metabolism_PM</celldesigner:name>
</celldesigner:speciesIdentity>
</celldesigner:extension>
</annotation>
</species>
<species metaid="s28" id="s28" name="Lipid_droplet" compartment="default" initialAmount="0">
<annotation>
<celldesigner:extension>
<celldesigner:positionToCompartment>inside</celldesigner:positionToCompartment>
<celldesigner:speciesIdentity>
<celldesigner:class>COMPLEX</celldesigner:class>
<celldesigner:name>Lipid_droplet</celldesigner:name>
</celldesigner:speciesIdentity>
</celldesigner:extension>
</annotation>
</species>
</listOfSpecies>
<listOfReactions>
<reaction metaid="re3" id="re3" reversible="false">
<annotation>
<celldesigner:extension>
<celldesigner:reactionType>STATE_TRANSITION</celldesigner:reactionType>
<celldesigner:baseReactants>
<celldesigner:baseReactant species="s10" alias="sa4"/>
</celldesigner:baseReactants>
<celldesigner:baseProducts>
<celldesigner:baseProduct species="s6" alias="csa4"/>
</celldesigner:baseProducts>
<celldesigner:connectScheme connectPolicy="direct" rectangleIndex="0">
<celldesigner:listOfLineDirection>
<celldesigner:lineDirection index="0" value="unknown"/>
</celldesigner:listOfLineDirection>
</celldesigner:connectScheme>
<celldesigner:line width="1.0" color="ff000000"/>
</celldesigner:extension>
</annotation>
<listOfReactants>
<speciesReference metaid="CDMT00001" species="s14">
<annotation>
<celldesigner:extension>
<celldesigner:alias>csa1</celldesigner:alias>
</celldesigner:extension>
</annotation>
</speciesReference>
</listOfReactants>
<listOfProducts>
<speciesReference metaid="CDMT00002" species="s6">
<annotation>
<celldesigner:extension>
<celldesigner:alias>csa4</celldesigner:alias>
</celldesigner:extension>
</annotation>
</speciesReference>
</listOfProducts>
</reaction>
<reaction metaid="re4" id="re4" reversible="false">
<annotation>
<celldesigner:extension>
<celldesigner:reactionType>STATE_TRANSITION</celldesigner:reactionType>
<celldesigner:baseReactants>
<celldesigner:baseReactant species="s11" alias="sa5"/>
</celldesigner:baseReactants>
<celldesigner:baseProducts>
<celldesigner:baseProduct species="s2" alias="csa3"/>
</celldesigner:baseProducts>
<celldesigner:connectScheme connectPolicy="direct" rectangleIndex="0">
<celldesigner:listOfLineDirection>
<celldesigner:lineDirection index="0" value="unknown"/>
</celldesigner:listOfLineDirection>
</celldesigner:connectScheme>
<celldesigner:line width="1.0" color="ff000000"/>
</celldesigner:extension>
</annotation>
<listOfReactants>
<speciesReference metaid="CDMT00003" species="s15">
<annotation>
<celldesigner:extension>
<celldesigner:alias>csa5</celldesigner:alias>
</celldesigner:extension>
</annotation>
</speciesReference>
</listOfReactants>
<listOfProducts>
<speciesReference metaid="CDMT00004" species="s2">
<annotation>
<celldesigner:extension>
<celldesigner:alias>csa3</celldesigner:alias>
</celldesigner:extension>
</annotation>
</speciesReference>
</listOfProducts>
</reaction>
<reaction metaid="re5" id="re5" reversible="false">
<annotation>
<celldesigner:extension>
<celldesigner:reactionType>STATE_TRANSITION</celldesigner:reactionType>
<celldesigner:baseReactants>
<celldesigner:baseReactant species="s18" alias="sa6"/>
</celldesigner:baseReactants>
<celldesigner:baseProducts>
<celldesigner:baseProduct species="s17" alias="csa7"/>
</celldesigner:baseProducts>
<celldesigner:connectScheme connectPolicy="direct" rectangleIndex="0">
<celldesigner:listOfLineDirection>
<celldesigner:lineDirection index="0" value="unknown"/>
</celldesigner:listOfLineDirection>
</celldesigner:connectScheme>
<celldesigner:line width="1.0" color="ff000000"/>
</celldesigner:extension>
</annotation>
<listOfReactants>
<speciesReference metaid="CDMT00005" species="s16">
<annotation>
<celldesigner:extension>
<celldesigner:alias>csa6</celldesigner:alias>
</celldesigner:extension>
</annotation>
</speciesReference>
</listOfReactants>
<listOfProducts>
<speciesReference metaid="CDMT00006" species="s17">
<annotation>
<celldesigner:extension>
<celldesigner:alias>csa7</celldesigner:alias>
</celldesigner:extension>
</annotation>
</speciesReference>
</listOfProducts>
</reaction>
<reaction metaid="re6" id="re6" reversible="false">
<annotation>
<celldesigner:extension>
<celldesigner:reactionType>STATE_TRANSITION</celldesigner:reactionType>
<celldesigner:baseReactants>
<celldesigner:baseReactant species="s21" alias="sa7"/>
</celldesigner:baseReactants>
<celldesigner:baseProducts>
<celldesigner:baseProduct species="s20" alias="csa9"/>
</celldesigner:baseProducts>
<celldesigner:connectScheme connectPolicy="direct" rectangleIndex="0">
<celldesigner:listOfLineDirection>
<celldesigner:lineDirection index="0" value="unknown"/>
</celldesigner:listOfLineDirection>
</celldesigner:connectScheme>
<celldesigner:line width="1.0" color="ff000000"/>
</celldesigner:extension>
</annotation>
<listOfReactants>
<speciesReference metaid="CDMT00007" species="s19">
<annotation>
<celldesigner:extension>
<celldesigner:alias>csa8</celldesigner:alias>
</celldesigner:extension>
</annotation>
</speciesReference>
</listOfReactants>
<listOfProducts>
<speciesReference metaid="CDMT00008" species="s20">
<annotation>
<celldesigner:extension>
<celldesigner:alias>csa9</celldesigner:alias>
</celldesigner:extension>
</annotation>
</speciesReference>
</listOfProducts>
</reaction>
<reaction metaid="re7" id="re7" reversible="false">
<annotation>
<celldesigner:extension>
<celldesigner:reactionType>STATE_TRANSITION</celldesigner:reactionType>
<celldesigner:baseReactants>
<celldesigner:baseReactant species="s24" alias="sa8"/>
</celldesigner:baseReactants>
<celldesigner:baseProducts>
<celldesigner:baseProduct species="s23" alias="csa11"/>
</celldesigner:baseProducts>
<celldesigner:connectScheme connectPolicy="direct" rectangleIndex="0">
<celldesigner:listOfLineDirection>
<celldesigner:lineDirection index="0" value="unknown"/>
</celldesigner:listOfLineDirection>
</celldesigner:connectScheme>
<celldesigner:line width="1.0" color="ff000000"/>
</celldesigner:extension>
</annotation>
<listOfReactants>
<speciesReference metaid="CDMT00014" species="s22">
<annotation>
<celldesigner:extension>
<celldesigner:alias>csa10</celldesigner:alias>
</celldesigner:extension>
</annotation>
</speciesReference>
</listOfReactants>
<listOfProducts>
<speciesReference metaid="CDMT00015" species="s23">
<annotation>
<celldesigner:extension>
<celldesigner:alias>csa11</celldesigner:alias>
</celldesigner:extension>
</annotation>
</speciesReference>
</listOfProducts>
</reaction>
<reaction metaid="re8" id="re8" reversible="false">
<annotation>
<celldesigner:extension>
<celldesigner:reactionType>STATE_TRANSITION</celldesigner:reactionType>
<celldesigner:baseReactants>
<celldesigner:baseReactant species="s27" alias="sa9"/>
</celldesigner:baseReactants>
<celldesigner:baseProducts>
<celldesigner:baseProduct species="s26" alias="csa13"/>
</celldesigner:baseProducts>
<celldesigner:connectScheme connectPolicy="direct" rectangleIndex="0">
<celldesigner:listOfLineDirection>
<celldesigner:lineDirection index="0" value="unknown"/>
</celldesigner:listOfLineDirection>
</celldesigner:connectScheme>
<celldesigner:line width="1.0" color="ff000000"/>
</celldesigner:extension>
</annotation>
<listOfReactants>
<speciesReference metaid="CDMT00016" species="s25">
<annotation>
<celldesigner:extension>
<celldesigner:alias>csa12</celldesigner:alias>
</celldesigner:extension>
</annotation>
</speciesReference>
</listOfReactants>
<listOfProducts>
<speciesReference metaid="CDMT00017" species="s26">
<annotation>
<celldesigner:extension>
<celldesigner:alias>csa13</celldesigner:alias>
</celldesigner:extension>
</annotation>
</speciesReference>
</listOfProducts>
</reaction>
<reaction metaid="re9" id="re9" reversible="false">
<annotation>
<celldesigner:extension>
<celldesigner:reactionType>STATE_TRANSITION</celldesigner:reactionType>
<celldesigner:baseReactants>
<celldesigner:baseReactant species="s30" alias="sa11"/>
</celldesigner:baseReactants>
<celldesigner:baseProducts>
<celldesigner:baseProduct species="s28" alias="csa14"/>
</celldesigner:baseProducts>
<celldesigner:connectScheme connectPolicy="direct" rectangleIndex="0">
<celldesigner:listOfLineDirection>
<celldesigner:lineDirection index="0" value="unknown"/>
</celldesigner:listOfLineDirection>
</celldesigner:connectScheme>
<celldesigner:line width="1.0" color="ff000000"/>
</celldesigner:extension>
</annotation>
<listOfReactants>
<speciesReference metaid="CDMT00009" species="s29">
<annotation>
<celldesigner:extension>
<celldesigner:alias>csa15</celldesigner:alias>
</celldesigner:extension>
</annotation>
</speciesReference>
</listOfReactants>
<listOfProducts>
<speciesReference metaid="CDMT00010" species="s28">
<annotation>
<celldesigner:extension>
<celldesigner:alias>csa14</celldesigner:alias>
</celldesigner:extension>
</annotation>
</speciesReference>
</listOfProducts>
</reaction>
</listOfReactions>
</model>
</sbml>
